species,TL,webname,degree,indegree,outdegree,omnivory,web
Acridotheres ginginianus,5.371035611689342,Premonsoon,10,0,10,0.2755193052736256,Premonsoon
Alcedo atthis,4.630602706723651,Premonsoon,25,0,25,9.728591026077991,Premonsoon
Alona pulchella,2.0,Premonsoon,15,14,1,0.0,Premonsoon
Amaurornis phoenicurus,4.34787080279453,Premonsoon,21,0,21,12.783035743968393,Premonsoon
Anas poecilorhyncha,4.100959815057787,Premonsoon,12,0,12,8.647487613196228,Premonsoon
Anastomus oscitans,4.896682134814128,Premonsoon,14,0,14,3.6437392324560562,Premonsoon
Anisops campbelli,3.0,Premonsoon,64,59,5,0.0,Premonsoon
Aplocheilus panchax,4.291956161881224,Premonsoon,43,32,11,3.8321798192096965,Premonsoon
Aquarius adelaides,3.0,Premonsoon,60,59,1,0.0,Premonsoon
Arcella discoides,2.0,Premonsoon,15,14,1,0.0,Premonsoon
Ardea alba,4.76718809918595,Premonsoon,30,0,30,12.739910152644212,Premonsoon
Ardea intermedia,4.767188099185951,Premonsoon,30,0,30,12.739910152644212,Premonsoon
Ardea purpurea,4.8408700360850085,Premonsoon,32,0,32,15.350727579573418,Premonsoon
Ardeola grayii,4.73679105703022,Premonsoon,34,0,34,14.391964246672684,Premonsoon
Asplanchna brightwelli,2.0,Premonsoon,15,14,1,0.0,Premonsoon
Badis badis,3.698164508418701,Premonsoon,61,32,29,18.579769775430602,Premonsoon
Big fish juveniles,2.8235294117647056,Premonsoon,50,33,17,2.470588235294116,Premonsoon
Brachionus calyciflorus,2.0,Premonsoon,17,16,1,0.0,Premonsoon
Brachionus forficula,2.0,Premonsoon,17,16,1,0.0,Premonsoon
Bubulcus ibis,4.465264342934256,Premonsoon,20,0,20,6.99491357202261,Premonsoon
Bungarus fasciatus,5.128396351144133,Premonsoon,25,4,21,6.468077887255154,Premonsoon
Carp sp.,2.8235294117647043,Premonsoon,17,0,17,2.470588235294116,Premonsoon
Centropus bengalensis,4.805803518932708,Premonsoon,21,0,21,10.207002481140517,Premonsoon
Centropyxis aculeata,2.0,Premonsoon,15,14,1,0.0,Premonsoon
Ceryle rudis,4.630602706723651,Premonsoon,25,0,25,9.728591026077991,Premonsoon
Channa gachua,4.514889079433173,Premonsoon,44,7,37,35.04014207271969,Premonsoon
Channa punctata,4.214288312884217,Premonsoon,48,8,40,33.024628634496246,Premonsoon
Channa striata,4.214288312884217,Premonsoon,48,8,40,33.024628634496246,Premonsoon
Coracias benghalensis,5.354042638156549,Premonsoon,14,1,13,2.817784136871899,Premonsoon
Coronatella rectangula,2.0,Premonsoon,15,14,1,0.0,Premonsoon
Dendrocygna javanica,4.684927756391073,Premonsoon,23,0,23,14.238017650041403,Premonsoon
Detritus,1.0,Premonsoon,15,15,0,0.0,Premonsoon
Diplonychus annulatus,3.5865369843352473,Premonsoon,69,57,12,5.362234649747319,Premonsoon
Diplonychus rusticus,3.5865369843352473,Premonsoon,71,59,12,5.362234649747319,Premonsoon
Duttaphrynus melanostictus,4.291956161881223,Premonsoon,31,20,11,3.8321798192096965,Premonsoon
Duttaphrynus scaber,4.291956161881223,Premonsoon,30,19,11,3.8321798192096965,Premonsoon
Egretta garzetta,4.73679105703022,Premonsoon,34,0,34,14.391964246672684,Premonsoon
Enhydris enhydris,4.896682134814128,Premonsoon,21,7,14,3.6437392324560562,Premonsoon
Euphlyctis cyanophlyctis,4.291956161881223,Premonsoon,32,21,11,3.8321798192096965,Premonsoon
Fejervarya orissaensis,4.291956161881223,Premonsoon,38,27,11,3.8321798192096965,Premonsoon
Felis chaus,5.048931769373186,Premonsoon,12,0,12,3.951340784423757,Premonsoon
Fowlea piscator,4.995516044327587,Premonsoon,24,8,16,4.763148029459569,Premonsoon
Gallinula chloropus,4.678266995344856,Premonsoon,22,0,22,17.721693441320454,Premonsoon
Glossogobius giuris,4.282328454697462,Premonsoon,34,8,26,19.70389129003716,Premonsoon
Green Algae,1.0,Premonsoon,27,27,0,0.0,Premonsoon
Halcyon smyrnensis,4.630602706723651,Premonsoon,25,0,25,9.728591026077991,Premonsoon
Haliaeetus leucogaster,5.005913659404006,Premonsoon,26,0,26,12.492609046246363,Premonsoon
Herbaceous aquatic plants,1.0,Premonsoon,19,19,0,0.0,Premonsoon
Heteropneustes fossilis,3.201762648172445,Premonsoon,27,7,20,11.708345409468588,Premonsoon
Himantopus himantopus,4.291956161881223,Premonsoon,11,0,11,3.8321798192096965,Premonsoon
Hirundo rustica,4.291956161881223,Premonsoon,11,0,11,3.8321798192096965,Premonsoon
Hoplobatrachus crassus,4.7999964976946785,Premonsoon,39,21,18,12.036064418593762,Premonsoon
Hoplobatrachus tigerinus,4.574710324148951,Premonsoon,45,21,24,14.020730714176429,Premonsoon
Hydrophasianus chirurgus,4.100959815057787,Premonsoon,12,0,12,8.647487613196228,Premonsoon
Hydrovatus confertus,2.0,Premonsoon,59,58,1,0.0,Premonsoon
Keratella lenzi,2.0,Premonsoon,17,16,1,0.0,Premonsoon
Laccotrephes griseus,3.0,Premonsoon,60,59,1,0.0,Premonsoon
Laccotrephes ruber,3.0,Premonsoon,60,59,1,0.0,Premonsoon
Lecane aculeata,2.0,Premonsoon,17,16,1,0.0,Premonsoon
Lecane bulla,2.0,Premonsoon,17,16,1,0.0,Premonsoon
Limnogonus fossarum,3.0,Premonsoon,60,59,1,0.0,Premonsoon
Lissemys punctata,4.633844488690244,Premonsoon,37,1,36,31.583413363060853,Premonsoon
Macrobrachium equidens,2.833333333333333,Premonsoon,24,18,6,0.8333333333333333,Premonsoon
Macrobrachium malcolmsonii,4.100959815057788,Premonsoon,30,18,12,8.647487613196228,Premonsoon
Macrobrachium rosenbergii,4.100959815057787,Premonsoon,30,18,12,8.647487613196228,Premonsoon
Macrobrachium rude,3.0000000000000004,Premonsoon,32,18,14,0.0,Premonsoon
Macrognathus pancalus,3.8087224816767176,Premonsoon,42,7,35,28.04378363258655,Premonsoon
Macrothrix goeldi,2.0,Premonsoon,15,14,1,0.0,Premonsoon
Macrothrix spinosa,2.0,Premonsoon,15,14,1,0.0,Premonsoon
Mastacembelus armatus,4.472522492588918,Premonsoon,31,7,24,8.41767441060679,Premonsoon
Merops orientalis,4.0,Premonsoon,1,0,1,0.0,Premonsoon
Mesocyclops leukarti,2.0,Premonsoon,16,15,1,0.0,Premonsoon
Metopidius indicus,4.100959815057787,Premonsoon,12,0,12,8.647487613196228,Premonsoon
Microcarbo niger,4.94953818079713,Premonsoon,23,0,23,7.342114714663433,Premonsoon
Minervarya agricola,4.291956161881226,Premonsoon,36,25,11,3.8321798192096965,Premonsoon
Minervarya pierrei,4.291956161881226,Premonsoon,36,25,11,3.8321798192096965,Premonsoon
Mosquito larvae,2.0,Premonsoon,13,11,2,0.0,Premonsoon
Motacilla citreola,4.291956161881224,Premonsoon,11,0,11,3.8321798192096965,Premonsoon
Mycteria leucocephala,4.8064002859205015,Premonsoon,43,0,43,16.908523280011224,Premonsoon
Mystus tengara,3.0,Premonsoon,22,8,14,0.0,Premonsoon
Mystus vittatus,2.9333333333333336,Premonsoon,23,8,15,0.9333333333333338,Premonsoon
Naja naja,5.379822217223576,Premonsoon,11,2,9,0.2685709059603424,Premonsoon
Nettapus coromandelianus,4.202923171508897,Premonsoon,16,0,16,10.562960014232525,Premonsoon
Netuma thalassina,4.421021120015845,Premonsoon,33,7,26,8.418828871616139,Premonsoon
Notopterus notopterus,3.8462170177300763,Premonsoon,45,7,38,29.475114479177705,Premonsoon
Nycticorax nycticorax,4.76718809918595,Premonsoon,30,0,30,12.739910152644212,Premonsoon
Odonata sp.,3.0,Premonsoon,19,5,14,0.0,Premonsoon
Oreochromis niloticus,3.4004113493104806,Premonsoon,36,8,28,20.703618823275264,Premonsoon
Oriolus kundoo,4.0,Premonsoon,1,0,1,0.0,Premonsoon
Oriolus xanthornus,4.0,Premonsoon,1,0,1,0.0,Premonsoon
Parambassis baculis,4.18429314839112,Premonsoon,43,31,12,5.362234649747319,Premonsoon
Pethia phutunio,3.698164508418702,Premonsoon,61,32,29,18.579769775430602,Premonsoon
Polypedates maculatus,4.291956161881222,Premonsoon,33,22,11,3.8321798192096965,Premonsoon
Porphyrio poliocephalus,4.100959815057787,Premonsoon,12,0,12,8.647487613196228,Premonsoon
Prionailurus viverrinus,4.779640477374902,Premonsoon,32,0,32,12.414724172674497,Premonsoon
Puntius vittatus,4.349784716276158,Premonsoon,47,32,15,5.386564814690313,Premonsoon
Ranatra elongata,4.059331220849325,Premonsoon,79,59,20,6.99491357202261,Premonsoon
Ranatra filiformis,4.013273341681962,Premonsoon,80,59,21,9.039675090760285,Premonsoon
Ranatra varipes,3.965839249491673,Premonsoon,78,59,19,8.998699712455956,Premonsoon
Rasbora daniconius,3.6784176544829688,Premonsoon,50,32,18,17.908328535206035,Premonsoon
Scapholeberis kingi,2.0,Premonsoon,16,15,1,0.0,Premonsoon
Spilornis cheela,6.100104186877357,Premonsoon,4,0,4,0.13136183388729245,Premonsoon
Tachybaptus ruficollis,4.472522492588919,Premonsoon,24,0,24,8.41767441060679,Premonsoon
Trichogaster fasciata,3.4361256350247658,Premonsoon,60,32,28,18.867081838940013,Premonsoon
Trichogaster lalius,2.9333333333333336,Premonsoon,48,33,15,0.9333333333333338,Premonsoon
Uperodon systoma,4.291956161881222,Premonsoon,36,25,11,3.8321798192096965,Premonsoon
Vanellus indicus,4.291956161881222,Premonsoon,11,0,11,3.8321798192096965,Premonsoon
Varanus bengalensis,5.427806560110999,Premonsoon,11,0,11,0.6300427695900347,Premonsoon
Xenentodon cancila,4.349784716276156,Premonsoon,22,7,15,5.386564814690313,Premonsoon
Acridotheres ginginianus,5.2787195369534015,Postmonsoon,6,0,6,0.0006175541984462176,Postmonsoon
Alcedo atthis,4.493728155714057,Postmonsoon,24,0,24,10.814581468249964,Postmonsoon
Alona pulchella,2.0,Postmonsoon,15,14,1,0.0,Postmonsoon
Amaurornis phoenicurus,4.334615637198178,Postmonsoon,21,0,21,12.443058389424838,Postmonsoon
Anas acuta,4.084667247659207,Postmonsoon,12,0,12,8.32108358679118,Postmonsoon
Anas poecilorhyncha,4.084667247659207,Postmonsoon,12,0,12,8.32108358679118,Postmonsoon
Anastomus oscitans,4.679497597325141,Postmonsoon,13,0,13,6.255574367401501,Postmonsoon
Anhinga melanogaster,4.66788015658347,Postmonsoon,9,0,9,2.372697274506164,Postmonsoon
Anisops campbelli,3.0,Postmonsoon,82,77,5,0.0,Postmonsoon
Aplocheilus panchax,4.274182451991863,Postmonsoon,52,41,11,3.5801699139224343,Postmonsoon
Aquarius adelaides,3.0,Postmonsoon,78,77,1,0.0,Postmonsoon
Arcella discoides,2.0,Postmonsoon,15,14,1,0.0,Postmonsoon
Ardea alba,4.64227867703393,Postmonsoon,26,0,26,9.880168613265802,Postmonsoon
Ardea cinerea,4.700668241718406,Postmonsoon,43,0,43,15.733613669349094,Postmonsoon
Ardea intermedia,4.642278677033929,Postmonsoon,26,0,26,9.880168613265802,Postmonsoon
Ardea purpurea,4.7264437716512155,Postmonsoon,28,0,28,12.45866097371335,Postmonsoon
Ardeola grayii,4.571029465533352,Postmonsoon,31,0,31,13.87820767489012,Postmonsoon
Asplanchna brightwelli,2.0,Postmonsoon,15,14,1,0.0,Postmonsoon
Badis badis,3.690299131053871,Postmonsoon,70,41,29,18.00636573621875,Postmonsoon
Big fish juveniles,2.823529411764705,Postmonsoon,59,42,17,2.470588235294116,Postmonsoon
Brachionus calyciflorus,2.0,Postmonsoon,17,16,1,0.0,Postmonsoon
Brachionus forficula,2.0,Postmonsoon,17,16,1,0.0,Postmonsoon
Bubulcus ibis,4.451346419058087,Postmonsoon,20,0,20,6.720106707302069,Postmonsoon
Calidris minuta,4.334578320037484,Postmonsoon,15,0,15,5.108750171185823,Postmonsoon
Carp sp.,2.823529411764705,Postmonsoon,18,1,17,2.470588235294116,Postmonsoon
Centropus bengalensis,4.6287249525665235,Postmonsoon,17,0,17,7.498449458365556,Postmonsoon
Centropyxis aculeata,2.0,Postmonsoon,15,14,1,0.0,Postmonsoon
Ceryle rudis,4.493728155714056,Postmonsoon,24,0,24,10.814581468249964,Postmonsoon
Channa gachua,4.38490646762224,Postmonsoon,41,8,33,30.097473209641397,Postmonsoon
Channa punctata,4.2013432660040735,Postmonsoon,49,9,40,32.26215988938837,Postmonsoon
Channa striata,4.2013432660040735,Postmonsoon,49,9,40,32.26215988938837,Postmonsoon
Charadrius dubius,4.274182451991863,Postmonsoon,11,0,11,3.5801699139224343,Postmonsoon
Chlidonias hybrida,4.401183848392541,Postmonsoon,25,0,25,10.151450356024016,Postmonsoon
Chroicocephalus brunnicephalus,4.4595665087422285,Postmonsoon,24,0,24,8.106329338319712,Postmonsoon
Circus aeruginosus,5.088208465010116,Postmonsoon,9,0,9,2.018077045641659,Postmonsoon
Coracias benghalensis,5.257055247230256,Postmonsoon,10,1,9,2.2187669095616576,Postmonsoon
Coronatella rectangula,2.0,Postmonsoon,15,14,1,0.0,Postmonsoon
Dendrocygna javanica,4.671206190069947,Postmonsoon,23,0,23,13.88270334770018,Postmonsoon
Detritus,1.0,Postmonsoon,16,16,0,0.0,Postmonsoon
Dicrurus caerulescens,4.000000000000001,Postmonsoon,1,0,1,0.0,Postmonsoon
Diplonychus annulatus,3.5725719265650344,Postmonsoon,87,75,12,5.068415758139431,Postmonsoon
Diplonychus rusticus,3.5725719265650344,Postmonsoon,89,77,12,5.068415758139431,Postmonsoon
Duttaphrynus melanostictus,4.274182451991863,Postmonsoon,33,22,11,3.5801699139224343,Postmonsoon
Egretta garzetta,4.623397114384463,Postmonsoon,30,0,30,11.32780297393032,Postmonsoon
Enhydris enhydris,4.819455730435571,Postmonsoon,18,6,12,3.199802839695503,Postmonsoon
Euphlyctis cyanophlyctis,4.274182451991863,Postmonsoon,34,23,11,3.5801699139224343,Postmonsoon
Felis chaus,4.872176404056054,Postmonsoon,9,0,9,2.754031177132937,Postmonsoon
Fowlea piscator,4.821724272916338,Postmonsoon,19,7,12,3.2252397545535803,Postmonsoon
Fulica atra,4.084667247659207,Postmonsoon,12,0,12,8.32108358679118,Postmonsoon
Gallinula chloropus,4.48268467742394,Postmonsoon,18,0,18,14.024744619264432,Postmonsoon
Glossogobius giuris,4.270369084992827,Postmonsoon,35,9,26,19.274576866183903,Postmonsoon
Green Algae,1.0,Postmonsoon,30,30,0,0.0,Postmonsoon
Halcyon smyrnensis,4.493728155714057,Postmonsoon,24,0,24,10.814581468249964,Postmonsoon
Haliaeetus leucogaster,4.934341973156258,Postmonsoon,25,0,25,10.245536048894127,Postmonsoon
Herbaceous aquatic plants,1.0,Postmonsoon,25,25,0,0.0,Postmonsoon
Heteropneustes fossilis,3.200133391432587,Postmonsoon,28,8,20,11.585052024044295,Postmonsoon
Himantopus himantopus,4.274182451991863,Postmonsoon,11,0,11,3.5801699139224343,Postmonsoon
Hirundo rustica,4.274182451991863,Postmonsoon,11,0,11,3.5801699139224343,Postmonsoon
Hoplobatrachus tigerinus,4.3014049617610866,Postmonsoon,43,24,19,10.040475086235066,Postmonsoon
Hydrophasianus chirurgus,4.084667247659207,Postmonsoon,12,0,12,8.32108358679118,Postmonsoon
Hydrovatus confertus,2.0,Postmonsoon,77,76,1,0.0,Postmonsoon
Keratella lenzi,2.0,Postmonsoon,17,16,1,0.0,Postmonsoon
Laccotrephes griseus,3.0,Postmonsoon,78,77,1,0.0,Postmonsoon
Laccotrephes ruber,3.0,Postmonsoon,78,77,1,0.0,Postmonsoon
Lecane aculeata,2.0,Postmonsoon,17,16,1,0.0,Postmonsoon
Lecane bulla,2.0,Postmonsoon,17,16,1,0.0,Postmonsoon
Limnogonus fossarum,3.0,Postmonsoon,78,77,1,0.0,Postmonsoon
Lissemys punctata,4.512074898506223,Postmonsoon,33,1,32,27.361919164810757,Postmonsoon
Macrobrachium equidens,2.8333333333333335,Postmonsoon,36,30,6,0.8333333333333333,Postmonsoon
Macrobrachium malcolmsonii,4.084667247659209,Postmonsoon,42,30,12,8.32108358679118,Postmonsoon
Macrobrachium rosenbergii,4.084667247659207,Postmonsoon,42,30,12,8.32108358679118,Postmonsoon
Macrobrachium rude,3.0,Postmonsoon,44,30,14,0.0,Postmonsoon
Macrognathus pancalus,3.8007693823189066,Postmonsoon,43,8,35,27.40512914147759,Postmonsoon
Macrothrix goeldi,2.0,Postmonsoon,15,14,1,0.0,Postmonsoon
Macrothrix spinosa,2.0,Postmonsoon,15,14,1,0.0,Postmonsoon
Mastacembelus armatus,4.4595665087422285,Postmonsoon,33,9,24,8.106329338319712,Postmonsoon
Merops orientalis,4.0,Postmonsoon,1,0,1,0.0,Postmonsoon
Merops philippinus,4.0,Postmonsoon,1,0,1,0.0,Postmonsoon
Mesocyclops leukarti,2.0,Postmonsoon,16,15,1,0.0,Postmonsoon
Metopidius indicus,4.084667247659207,Postmonsoon,12,0,12,8.32108358679118,Postmonsoon
Microcarbo niger,4.734295322981169,Postmonsoon,20,0,20,8.795623312870756,Postmonsoon
Microhyla mymensinghensis,4.274182451991863,Postmonsoon,37,26,11,3.5801699139224343,Postmonsoon
Minervarya agricola,4.274182451991863,Postmonsoon,39,28,11,3.5801699139224343,Postmonsoon
Mosquito larvae,2.0,Postmonsoon,13,11,2,0.0,Postmonsoon
Motacilla alba,4.251333914325875,Postmonsoon,12,0,12,3.649081262821015,Postmonsoon
Motacilla citreola,4.274182451991863,Postmonsoon,11,0,11,3.5801699139224343,Postmonsoon
Motacilla tschutschensis,4.274182451991863,Postmonsoon,11,0,11,3.5801699139224343,Postmonsoon
Mycteria leucocephala,4.678151664130994,Postmonsoon,40,0,40,17.067489985705517,Postmonsoon
Mystus tengara,2.9999999999999996,Postmonsoon,23,9,14,0.0,Postmonsoon
Mystus vittatus,2.9333333333333336,Postmonsoon,24,9,15,0.9333333333333338,Postmonsoon
Naja naja,5.279626953945709,Postmonsoon,7,2,5,0.0005928520305083689,Postmonsoon
Netta rufina,3.924308228608501,Postmonsoon,13,0,13,12.332625925372426,Postmonsoon
Nettapus coromandelianus,4.188667175035141,Postmonsoon,16,0,16,10.218365107800544,Postmonsoon
Netuma thalassina,4.4085860785807345,Postmonsoon,34,8,26,8.089643567127089,Postmonsoon
Notopterus notopterus,3.8384630428637094,Postmonsoon,47,9,38,28.819357840308935,Postmonsoon
Numenius arquata,4.274182451991863,Postmonsoon,11,0,11,3.5801699139224343,Postmonsoon
Nycticorax nycticorax,4.642278677033929,Postmonsoon,26,0,26,9.880168613265802,Postmonsoon
Odonata sp.,3.0,Postmonsoon,23,8,15,0.0,Postmonsoon
Oreochromis niloticus,3.3934288204253744,Postmonsoon,37,9,28,20.105105415769952,Postmonsoon
Oriolus kundoo,4.0,Postmonsoon,1,0,1,0.0,Postmonsoon
Oriolus xanthornus,4.0,Postmonsoon,1,0,1,0.0,Postmonsoon
Parambassis baculis,4.168000580992541,Postmonsoon,52,40,12,5.068415758139431,Postmonsoon
Pethia phutunio,3.6902991310538704,Postmonsoon,70,41,29,18.00636573621875,Postmonsoon
Phalacrocorax fuscicollis,4.667880156583471,Postmonsoon,9,0,9,2.372697274506164,Postmonsoon
Plegadis falcinellus,5.019083449077856,Postmonsoon,17,0,17,5.172702072256449,Postmonsoon
Pluvialis fulva,4.274182451991863,Postmonsoon,11,0,11,3.5801699139224343,Postmonsoon
Polypedates maculatus,4.274182451991863,Postmonsoon,36,25,11,3.5801699139224343,Postmonsoon
Porphyrio poliocephalus,4.084667247659208,Postmonsoon,12,0,12,8.32108358679118,Postmonsoon
Prionailurus viverrinus,4.699689284991892,Postmonsoon,30,0,30,10.02434975005344,Postmonsoon
Puntius vittatus,4.334578320037484,Postmonsoon,56,41,15,5.108750171185823,Postmonsoon
Ranatra elongata,4.001170799180945,Postmonsoon,98,77,21,8.726208067409434,Postmonsoon
Ranatra filiformis,3.9594553492150726,Postmonsoon,99,77,22,10.549936576597943,Postmonsoon
Ranatra varipes,3.9102369703844104,Postmonsoon,97,77,20,10.467216295874398,Postmonsoon
Rasbora daniconius,3.6675559428839173,Postmonsoon,59,41,18,17.41776318069298,Postmonsoon
Scapholeberis kingi,2.0,Postmonsoon,16,15,1,0.0,Postmonsoon
Spatula querquedula,4.084667247659207,Postmonsoon,12,0,12,8.32108358679118,Postmonsoon
Spilornis cheela,5.973602319099205,Postmonsoon,3,0,3,0.14047918884189642,Postmonsoon
Sterna aurantia,4.401183848392541,Postmonsoon,25,0,25,10.151450356024016,Postmonsoon
Sternula albifrons,4.616429941377153,Postmonsoon,13,0,13,3.8282399164536782,Postmonsoon
Tachybaptus ruficollis,4.401183848392541,Postmonsoon,25,0,25,10.151450356024016,Postmonsoon
Tadorna ferruginea,4.059922047091897,Postmonsoon,17,0,17,14.726848875401775,Postmonsoon
Tadploes,2.0,Postmonsoon,18,15,3,0.0,Postmonsoon
Threskiornis melanocephalus,4.624830001864608,Postmonsoon,24,0,24,9.428132510515342,Postmonsoon
Trichogaster fasciata,3.4291431061396604,Postmonsoon,68,40,28,18.28253348920492,Postmonsoon
Trichogaster lalius,2.9333333333333336,Postmonsoon,57,42,15,0.9333333333333338,Postmonsoon
Tringa glareola,4.616429941377154,Postmonsoon,13,0,13,3.8282399164536782,Postmonsoon
Tringa nebularia,4.251167175035141,Postmonsoon,16,0,16,6.778530757730266,Postmonsoon
Tringa ochropus,4.334578320037483,Postmonsoon,15,0,15,5.108750171185823,Postmonsoon
Tringa stagnatilis,4.334578320037483,Postmonsoon,15,0,15,5.108750171185823,Postmonsoon
Tringa tetanus,4.274182451991864,Postmonsoon,11,0,11,3.5801699139224343,Postmonsoon
Vanellus indicus,4.274182451991864,Postmonsoon,11,0,11,3.5801699139224343,Postmonsoon
Vanellus malabaricus,4.274182451991864,Postmonsoon,11,0,11,3.5801699139224343,Postmonsoon
Varanus bengalensis,5.356291642090964,Postmonsoon,7,0,7,0.25334967700831457,Postmonsoon
Xenentodon cancila,4.334578320037483,Postmonsoon,23,8,15,5.108750171185823,Postmonsoon
Xenus cinereus,4.334578320037484,Postmonsoon,15,0,15,5.108750171185823,Postmonsoon
Acridotheres ginginianus,5.342225906489274,Monsoon,14,0,14,0.40411188128054376,Monsoon
Alcedo atthis,4.605221626610885,Monsoon,28,0,28,12.902954869090507,Monsoon
Alona pulchella,2.0,Monsoon,15,14,1,0.0,Monsoon
Amaurornis phoenicurus,4.334615637198178,Monsoon,21,0,21,12.443058389424836,Monsoon
Anastomus oscitans,4.819423445482016,Monsoon,17,0,17,7.337327542180271,Monsoon
Anisops campbelli,3.0,Monsoon,64,59,5,0.0,Monsoon
Aplocheilus panchax,4.274182451991864,Monsoon,43,32,11,3.5801699139224343,Monsoon
Aquarius adelaides,3.0,Monsoon,60,59,1,0.0,Monsoon
Arcella discoides,2.0,Monsoon,15,14,1,0.0,Monsoon
Ardea alba,4.818179149176813,Monsoon,34,0,34,13.660293680205651,Monsoon
Ardea intermedia,4.818179149176813,Monsoon,34,0,34,13.660293680205651,Monsoon
Ardea purpurea,4.882235087575761,Monsoon,36,0,36,16.174324982056437,Monsoon
Ardeola grayii,4.738993817965727,Monsoon,39,0,39,18.50289696262323,Monsoon
Asplanchna brightwelli,2.0,Monsoon,15,14,1,0.0,Monsoon
Badis badis,3.6902991310538713,Monsoon,61,32,29,18.006365736218747,Monsoon
Big fish juveniles,2.823529411764705,Monsoon,50,33,17,2.470588235294116,Monsoon
Brachionus calyciflorus,2.0,Monsoon,17,16,1,0.0,Monsoon
Brachionus forficula,2.0,Monsoon,17,16,1,0.0,Monsoon
Bubulcus ibis,4.451346419058087,Monsoon,20,0,20,6.720106707302067,Monsoon
Bungarus fasciatus,5.149778247232677,Monsoon,29,4,25,6.737663427108104,Monsoon
Carp sp.,2.8235294117647043,Monsoon,17,0,17,2.470588235294116,Monsoon
Centropus bengalensis,4.872286786510414,Monsoon,25,0,25,11.01109741068272,Monsoon
Centropyxis aculeata,2.0,Monsoon,15,14,1,0.0,Monsoon
Ceryle rudis,4.605221626610885,Monsoon,28,0,28,12.902954869090507,Monsoon
Channa gachua,4.580994119528373,Monsoon,48,7,41,36.96153877530554,Monsoon
Channa punctata,4.20643645176787,Monsoon,48,8,40,32.71268713181365,Monsoon
Channa striata,4.2064364517678685,Monsoon,48,8,40,32.71268713181365,Monsoon
Coracias benghalensis,5.337266751268568,Monsoon,18,1,17,2.9993412769937637,Monsoon
Coronatella rectangula,2.0,Monsoon,15,14,1,0.0,Monsoon
Dendrocygna javanica,4.680506790160359,Monsoon,23,0,23,14.221237243367506,Monsoon
Detritus,1.0,Monsoon,16,16,0,0.0,Monsoon
Diplonychus annulatus,3.5725719265650344,Monsoon,69,57,12,5.068415758139431,Monsoon
Diplonychus rusticus,3.5725719265650344,Monsoon,71,59,12,5.068415758139431,Monsoon
Duttaphrynus melanostictus,4.274182451991862,Monsoon,30,19,11,3.5801699139224343,Monsoon
Duttaphrynus scaber,4.274182451991864,Monsoon,29,18,11,3.5801699139224343,Monsoon
Egretta garzetta,4.78475681317535,Monsoon,38,0,38,15.399215897939081,Monsoon
Enhydris enhydris,4.933137410824643,Monsoon,23,7,16,3.820132013587513,Monsoon
Euphlyctis cyanophlyctis,4.274182451991864,Monsoon,31,20,11,3.5801699139224343,Monsoon
Fejervarya orissaensis,4.274182451991864,Monsoon,37,26,11,3.5801699139224343,Monsoon
Felis chaus,5.050642268100182,Monsoon,12,0,12,4.075625901657286,Monsoon
Fowlea piscator,5.009234669891172,Monsoon,25,8,17,4.95669561726195,Monsoon
Glossogobius giuris,4.270369084992827,Monsoon,34,8,26,19.274576866183896,Monsoon
Green Algae,1.0,Monsoon,28,28,0,0.0,Monsoon
Halcyon smyrnensis,4.605221626610884,Monsoon,28,0,28,12.902954869090507,Monsoon
Haliaeetus leucogaster,5.00351025076963,Monsoon,26,0,26,12.595601396384996,Monsoon
Herbaceous aquatic plants,1.0,Monsoon,16,16,0,0.0,Monsoon
Heteropneustes fossilis,3.2001333914325873,Monsoon,27,7,20,11.585052024044288,Monsoon
Himantopus himantopus,4.274182451991864,Monsoon,11,0,11,3.5801699139224343,Monsoon
Hirundo rustica,4.274182451991864,Monsoon,11,0,11,3.5801699139224343,Monsoon
Hoplobatrachus crassus,4.837662600590509,Monsoon,40,20,20,12.510369698025615,Monsoon
Hoplobatrachus tigerinus,4.663310666356961,Monsoon,48,20,28,14.62979208079784,Monsoon
Hydrovatus confertus,2.0,Monsoon,59,58,1,0.0,Monsoon
Hylarana tytleri,4.274182451991864,Monsoon,35,24,11,3.5801699139224343,Monsoon
Keratella lenzi,2.0,Monsoon,17,16,1,0.0,Monsoon
Laccotrephes griseus,3.0,Monsoon,60,59,1,0.0,Monsoon
Laccotrephes ruber,3.0,Monsoon,60,59,1,0.0,Monsoon
Lecane aculeata,2.0,Monsoon,17,16,1,0.0,Monsoon
Lecane bulla,2.0,Monsoon,17,16,1,0.0,Monsoon
Limnogonus fossarum,3.0,Monsoon,60,59,1,0.0,Monsoon
Lissemys punctata,4.68963634313417,Monsoon,41,1,40,32.91230544393032,Monsoon
Macrobrachium equidens,2.833333333333333,Monsoon,23,17,6,0.8333333333333333,Monsoon
Macrobrachium malcolmsonii,4.084667247659207,Monsoon,29,17,12,8.32108358679118,Monsoon
Macrobrachium rosenbergii,4.084667247659207,Monsoon,29,17,12,8.32108358679118,Monsoon
Macrobrachium rude,3.0,Monsoon,31,17,14,0.0,Monsoon
Macrognathus pancalus,3.8007693823189075,Monsoon,42,7,35,27.405129141477587,Monsoon
Macrothrix goeldi,2.0,Monsoon,15,14,1,0.0,Monsoon
Macrothrix spinosa,2.0,Monsoon,15,14,1,0.0,Monsoon
Mastacembelus armatus,4.4595665087422285,Monsoon,31,7,24,8.10632933831971,Monsoon
Merops orientalis,4.0,Monsoon,1,0,1,0.0,Monsoon
Merops philippinus,4.0,Monsoon,1,0,1,0.0,Monsoon
Mesocyclops leukarti,2.0,Monsoon,16,15,1,0.0,Monsoon
Metopidius indicus,4.0846672476592065,Monsoon,12,0,12,8.32108358679118,Monsoon
Microcarbo niger,4.921598283169745,Monsoon,28,0,28,11.612538443428951,Monsoon
Microhyla mymensinghensis,4.274182451991865,Monsoon,34,23,11,3.5801699139224343,Monsoon
Minervarya agricola,4.274182451991865,Monsoon,35,24,11,3.5801699139224343,Monsoon
Minervarya pierrei,4.274182451991863,Monsoon,35,24,11,3.5801699139224343,Monsoon
Mosquito larvae,2.0,Monsoon,13,11,2,0.0,Monsoon
Motacilla citreola,4.274182451991863,Monsoon,11,0,11,3.5801699139224343,Monsoon
Mycteria leucocephala,4.801225538259344,Monsoon,48,0,48,21.091305473886024,Monsoon
Mystus tengara,2.9999999999999996,Monsoon,22,8,14,0.0,Monsoon
Mystus vittatus,2.9333333333333336,Monsoon,23,8,15,0.9333333333333338,Monsoon
Naja naja,5.347460018373691,Monsoon,15,2,13,0.3991258225267611,Monsoon
Netuma thalassina,4.4162258572264275,Monsoon,33,7,26,8.395677401309326,Monsoon
Notopterus notopterus,3.8384630428637094,Monsoon,45,7,38,28.819357840308932,Monsoon
Nycticorax nycticorax,4.818179149176812,Monsoon,34,0,34,13.660293680205651,Monsoon
Odonata sp.,3.0,Monsoon,21,6,15,0.0,Monsoon
Oreochromis niloticus,3.3934288204253753,Monsoon,36,8,28,20.105105415769952,Monsoon
Oriolus kundoo,4.0,Monsoon,1,0,1,0.0,Monsoon
Oriolus xanthornus,4.0,Monsoon,1,0,1,0.0,Monsoon
Parambassis baculis,4.1680005809925404,Monsoon,43,31,12,5.068415758139431,Monsoon
Pethia phutunio,3.690299131053871,Monsoon,61,32,29,18.006365736218747,Monsoon
Polypedates maculatus,4.274182451991865,Monsoon,32,21,11,3.5801699139224343,Monsoon
Porphyrio poliocephalus,4.084667247659207,Monsoon,12,0,12,8.32108358679118,Monsoon
Prionailurus viverrinus,4.776747017301327,Monsoon,32,0,32,12.6742295764885,Monsoon
Puntius vittatus,4.334578320037483,Monsoon,47,32,15,5.108750171185821,Monsoon
Ranatra elongata,4.001170799180945,Monsoon,80,59,21,8.726208067409432,Monsoon
Ranatra filiformis,3.9594553492150726,Monsoon,81,59,22,10.549936576597943,Monsoon
Ranatra varipes,3.9102369703844104,Monsoon,79,59,20,10.467216295874394,Monsoon
Rasbora daniconius,3.6675559428839164,Monsoon,50,32,18,17.41776318069298,Monsoon
Scapholeberis kingi,2.0,Monsoon,16,15,1,0.0,Monsoon
Sphaerotheca breviceps,4.274182451991864,Monsoon,28,17,11,3.5801699139224343,Monsoon
Sphaerotheca rolandae,4.274182451991864,Monsoon,28,17,11,3.5801699139224343,Monsoon
Spilornis cheela,6.109902586580547,Monsoon,4,0,4,0.09940355852319262,Monsoon
Tachybaptus ruficollis,4.401183848392541,Monsoon,25,0,25,10.15145035602401,Monsoon
Tadploes,2.0,Monsoon,15,12,3,0.0,Monsoon
Trichogaster fasciata,3.42914310613966,Monsoon,60,32,28,18.28253348920492,Monsoon
Trichogaster lalius,2.9333333333333336,Monsoon,48,33,15,0.9333333333333338,Monsoon
Uperodon systoma,4.274182451991864,Monsoon,35,24,11,3.5801699139224343,Monsoon
Vanellus indicus,4.274182451991864,Monsoon,11,0,11,3.5801699139224343,Monsoon
Varanus bengalensis,5.386693157382732,Monsoon,15,0,15,0.819352525705144,Monsoon
Xenentodon cancila,4.334578320037484,Monsoon,22,7,15,5.108750171185821,Monsoon
